db_started_at,db_completed_at,db_status,attempted,completed,inserted,updated,failed,universe_count,gh_candidate_near17_created_at,gh_candidate_status,gh_candidate_conclusion,gh_run_id
2026-10-02T08:33:55.567Z,,IN_PROGRESS,0,0,0,0,0,16801,2026-10-02T00:15:43Z,completed,success,36945091121
2026-10-02T11:09:35.158Z,,IN_PROGRESS,0,0,0,0,0,16801,2026-10-02T00:22:54Z,completed,failure,36945692972
2026-10-02T14:39:20.337Z,,IN_PROGRESS,0,0,0,0,0,16801,2026-10-02T01:17:49Z,completed,success,36950249068
2026-10-02T15:58:15.259Z,,IN_PROGRESS,0,0,0,0,0,16801,2026-10-02T06:16:48Z,completed,success,36972790475
2026-10-02T20:54:06.932Z,,IN_PROGRESS,0,0,0,0,0,16801,2026-10-02T08:16:27Z,completed,success,36983106677
2026-10-03T00:39:40.602Z,,IN_PROGRESS,0,0,0,0,0,16801,2026-10-02T15:24:36Z,completed,success,37026769622
2026-10-03T05:00:15.351Z,2026-10-03T05:02:22.838Z,COMPLETED,20,19,62,0,1,16801,2026-10-02T16:16:48Z,completed,failure,37032842127
2026-10-03T12:46:06.969Z,,IN_PROGRESS,0,0,0,0,0,16801,2026-10-02T16:18:18Z,completed,failure,37033014168
2026-10-03T17:18:20.053Z,,IN_PROGRESS,0,0,0,0,0,16801,2026-10-02T20:22:07Z,completed,success,37060118067
2026-10-03T21:19:55.273Z,,IN_PROGRESS,0,0,0,0,0,16801,2026-10-02T20:23:43Z,completed,failure,37060291534
2026-10-04T00:40:41.731Z,,IN_PROGRESS,0,0,0,0,0,16801,2026-10-02T22:17:39Z,completed,failure,37071696874
2026-10-04T05:00:12.743Z,2026-10-04T05:02:26.155Z,COMPLETED,20,20,70,0,0,16801,2026-10-02T23:20:29Z,completed,failure,37077104003
2026-10-04T06:58:30.498Z,,IN_PROGRESS,0,0,0,0,0,16801,2026-10-03T00:19:45Z,completed,success,37081595945
2026-10-04T07:03:40.707Z,,IN_PROGRESS,0,0,0,0,0,16801,2026-10-03T02:18:19Z,completed,failure,37089332369
2026-10-04T13:13:59.730Z,,IN_PROGRESS,0,0,0,0,0,16801,2026-10-03T06:17:03Z,completed,success,37102540369
2026-10-04T17:37:18.131Z,,IN_PROGRESS,0,0,0,0,0,16801,2026-10-03T06:22:38Z,completed,failure,37102845956
2026-10-04T21:30:30.278Z,,IN_PROGRESS,0,0,0,0,0,16801,2026-10-03T14:20:20Z,completed,failure,37129245527
2026-10-05T00:58:04.759Z,,IN_PROGRESS,0,0,0,0,0,16801,2026-10-03T15:20:27Z,completed,success,37132898080
2026-10-05T01:03:13.253Z,,IN_PROGRESS,0,0,0,0,0,16801,2026-10-03T17:18:13Z,completed,success,37140012753
2026-10-05T05:00:11.102Z,2026-10-05T05:02:22.191Z,COMPLETED,20,20,69,0,0,16801,2026-10-03T21:19:46Z,completed,success,37154715346
2026-10-05T07:06:25.766Z,,IN_PROGRESS,0,0,0,0,0,16801,2026-10-03T23:18:38Z,completed,success,37161357072
2026-10-05T16:04:16.641Z,,IN_PROGRESS,0,0,0,0,0,16801,2026-10-04T06:16:40Z,completed,failure,37182331863
2026-10-05T19:58:12.473Z,,IN_PROGRESS,0,0,0,0,0,16801,2026-10-04T15:25:49Z,completed,success,37212964954
2026-10-05T20:03:23.695Z,,IN_PROGRESS,0,0,0,0,0,16801,2026-10-04T21:17:55Z,completed,success,37235526385
2026-10-05T22:40:25.358Z,2026-10-05T22:40:29.874Z,PARTIAL,2,0,0,0,2,16801,2026-10-04T22:22:39Z,completed,success,37239782859
2026-10-06T03:01:33.781Z,,IN_PROGRESS,0,0,0,0,0,16801,2026-10-05T01:18:04Z,completed,success,37250891216
2026-10-06T05:00:12.132Z,2026-10-06T05:01:37.324Z,COMPLETED,19,19,29,0,0,16801,2026-10-05T01:24:23Z,completed,success,37251298040
2026-10-06T10:22:59.791Z,,IN_PROGRESS,0,0,0,0,0,16801,2026-10-05T15:16:32Z,completed,failure,37331492425
2026-10-06T17:27:04.180Z,2026-10-06T17:28:57.028Z,COMPLETED,34,33,31,7,1,16801,2026-10-05T16:24:34Z,completed,failure,37340601798
2026-10-06T21:40:16.704Z,2026-10-06T21:40:29.443Z,COMPLETED,9,7,2,1,2,16801,2026-10-05T16:24:47Z,completed,success,37340630649
2026-10-07T01:34:50.774Z,,IN_PROGRESS,0,0,0,0,0,16801,2026-10-05T17:16:20Z,completed,failure,37347173502
2026-10-07T05:00:12.956Z,2026-10-07T05:01:37.540Z,COMPLETED,20,20,27,0,0,16801,2026-10-05T17:16:47Z,completed,success,37347229563
2026-10-07T08:43:15.742Z,,IN_PROGRESS,0,0,0,0,0,16801,2026-10-05T17:22:57Z,completed,success,37347994853
2026-10-07T16:33:01.740Z,,IN_PROGRESS,0,0,0,0,0,16801,2026-10-05T19:16:14Z,completed,failure,37362197890
2026-10-07T18:00:14.802Z,,IN_PROGRESS,0,0,0,0,0,16801,2026-10-05T19:22:07Z,completed,failure,37362896606
2026-10-07T22:00:44.012Z,,IN_PROGRESS,0,0,0,0,0,16801,2026-10-05T22:21:54Z,completed,failure,37381985384
2026-10-08T01:58:23.428Z,,IN_PROGRESS,0,0,0,0,0,16801,2026-10-05T23:20:57Z,completed,success,37387966848
2026-10-08T02:03:33.467Z,,IN_PROGRESS,0,0,0,0,0,16801,2026-10-06T01:20:04Z,completed,failure,37398624460
2026-10-08T05:00:11.584Z,2026-10-08T05:01:48.941Z,COMPLETED,18,18,41,0,0,16801,2026-10-06T03:18:34Z,completed,success,37408366709
2026-10-08T09:01:48.330Z,,IN_PROGRESS,0,0,0,0,0,16801,2026-10-06T03:20:50Z,completed,success,37408542579
2026-10-08T16:31:33.828Z,2026-10-08T16:35:35.136Z,PARTIAL,31,31,90,20,0,16801,2026-10-06T10:22:50Z,completed,success,37449392590
2026-10-08T18:03:37.090Z,2026-10-08T18:07:36.961Z,PARTIAL,30,30,82,23,0,16801,2026-10-06T14:15:51Z,completed,failure,37477493219
2026-10-08T22:06:44.787Z,2026-10-08T22:10:43.676Z,PARTIAL,31,30,95,19,1,16801,2026-10-06T15:21:03Z,completed,failure,37486752605
2026-10-09T02:12:41.528Z,2026-10-09T02:16:42.375Z,PARTIAL,30,30,84,20,0,16801,2026-10-06T15:21:38Z,completed,success,37486834614
2026-10-09T05:00:13.142Z,2026-10-09T05:02:44.691Z,COMPLETED,20,20,53,17,0,16801,2026-10-06T16:19:12Z,completed,success,37494756924
,,,,,,,,,2026-10-06T17:17:47Z,completed,cancelled,37502436563
,,,,,,,,,2026-10-06T17:18:34Z,completed,cancelled,37502538261
,,,,,,,,,2026-10-06T17:23:44Z,completed,cancelled,37503207380
,,,,,,,,,2026-10-06T17:25:35Z,completed,success,37503447482
,,,,,,,,,2026-10-06T21:16:13Z,completed,failure,37532669082
,,,,,,,,,2026-10-07T00:18:00Z,completed,failure,37551227437
,,,,,,,,,2026-10-07T06:23:53Z,completed,failure,37581273299
,,,,,,,,,2026-10-07T09:20:32Z,completed,success,37599941259
,,,,,,,,,2026-10-07T16:21:16Z,completed,success,37651358493
,,,,,,,,,2026-10-07T17:24:22Z,completed,failure,37658805384
,,,,,,,,,2026-10-07T22:17:02Z,completed,success,37695173542
,,,,,,,,,2026-10-08T00:15:30Z,completed,failure,37706801948
,,,,,,,,,2026-10-08T01:22:49Z,completed,success,37712628657
,,,,,,,,,2026-10-08T02:17:24Z,completed,success,37717134996
,,,,,,,,,2026-10-08T06:16:28Z,completed,failure,37736706217
,,,,,,,,,2026-10-08T06:18:21Z,completed,failure,37736871911
,,,,,,,,,2026-10-08T16:23:23Z,completed,success,37808390942
,,,,,,,,,2026-10-08T17:22:38Z,completed,failure,37816071309
,,,,,,,,,2026-10-08T22:24:48Z,completed,success,37853301335
,,,,,,,,,2026-10-09T02:18:17Z,completed,success,37873931435
,,,,,,,,,2026-10-09T03:15:09Z,completed,success,37878411925
