id,code,data_source,exchange,price_updated_at,latest_price,position_relative_to_cursor
8e38cd42-2064-40c4-8eb7-18de78a76e9f,3LDEL.XC,3LDEL.XC,Cboe UK,Tue Oct 06 2026 22:22:38 GMT+0800 (台北標準時間),2088.0000,BEFORE_OR_AT_CURSOR
8e3a5db2-45e1-4ac2-8524-0eaaafb64841,PCR,PCR,NYSEArca,Thu Oct 08 2026 00:00:00 GMT+0800 (台北標準時間),17.9000,BEFORE_OR_AT_CURSOR
8e3d14c8-c811-4d43-ba24-425efe3d0c3d,CHGX,CHGX,NasdaqGM,Thu Oct 08 2026 00:00:00 GMT+0800 (台北標準時間),33.5790,BEFORE_OR_AT_CURSOR
8e3d4be4-4b75-47e7-be69-e0223db65c30,XEF-U.TO,XEF-U.TO,Toronto,Wed Oct 07 2026 00:00:00 GMT+0800 (台北標準時間),36.2600,BEFORE_OR_AT_CURSOR
8e3de215-edac-45be-b8e8-3717bb9e4ca3,EMSR.L,EMSR.L,LSE,Wed Oct 07 2026 00:00:00 GMT+0800 (台北標準時間),2370.7500,BEFORE_OR_AT_CURSOR
8e444327-d430-483d-ab74-8fbed2c3cc7f,BABU,BABU,NasdaqGM,Thu Oct 08 2026 00:00:00 GMT+0800 (台北標準時間),8.4000,BEFORE_OR_AT_CURSOR
8e4f1dca-b21f-4902-9a13-1a56a130f269,XLDX.L,XLDX.L,LSE,Wed Oct 07 2026 00:00:00 GMT+0800 (台北標準時間),23770.0000,BEFORE_OR_AT_CURSOR
8e5216bd-066c-4940-a850-95106978bbce,FDIU.L,FDIU.L,LSE,Wed Oct 07 2026 00:00:00 GMT+0800 (台北標準時間),17.1650,BEFORE_OR_AT_CURSOR
8e588bf9-e62b-49d3-8ceb-e1ee6753f0a3,SMR3.L,SMR3.L,LSE,Wed Oct 07 2026 00:00:00 GMT+0800 (台北標準時間),0.6560,BEFORE_OR_AT_CURSOR
8e626fb1-ef44-4ea0-add8-872477f8d0e8,ZBAL-T.TO,ZBAL-T.TO,Toronto,Wed Oct 07 2026 00:00:00 GMT+0800 (台北標準時間),11.3800,BEFORE_OR_AT_CURSOR
8e655477-e282-41a3-889d-19970bf7820e,IUSA.MI,IUSA.MI,Milan,Tue Oct 06 2026 22:30:22 GMT+0800 (台北標準時間),68.8800,NEXT_IN_QUEUE
8e65b078-327d-4aa6-9343-7e1978997e61,WIGG.L,WIGG.L,LSE,Tue Oct 06 2026 22:31:22 GMT+0800 (台北標準時間),4.7927,NEXT_IN_QUEUE
8e6928a8-a754-4556-9ad8-0bbadcfbcb70,VUS,VUS,NYSEArca,Tue Oct 06 2026 22:31:52 GMT+0800 (台北標準時間),30.4127,NEXT_IN_QUEUE
8e6c5e21-24c4-4216-af36-94c635411d00,ESGE.PA,ESGE.PA,Paris,Tue Oct 06 2026 22:32:54 GMT+0800 (台北標準時間),41.1850,NEXT_IN_QUEUE
8e6d0269-c9ae-4760-9dab-2c0b0c7ff679,AEFD.F,AEFD.F,Frankfurt,Tue Oct 06 2026 22:34:34 GMT+0800 (台北標準時間),171.0710,NEXT_IN_QUEUE
8e707198-1686-4561-b1fd-ecba418e48ee,B3S.F,B3S.F,Frankfurt,Tue Oct 06 2026 22:34:40 GMT+0800 (台北標準時間),2.1870,NEXT_IN_QUEUE
8e716f68-f906-4a5a-87d3-49249abc0599,GABF,GABF,NYSEArca,Tue Oct 06 2026 22:34:46 GMT+0800 (台北標準時間),42.4570,NEXT_IN_QUEUE
8e738d48-41f0-460e-b9d6-28ae28fb07e8,MGV,MGV,NYSEArca,Tue Oct 06 2026 22:35:46 GMT+0800 (台北標準時間),162.6300,NEXT_IN_QUEUE
8e7bcf43-6bce-4738-a169-c5f3f17eb442,HRL-F61.TA,HRL-F61.TA,Tel Aviv,Tue Oct 06 2026 22:36:47 GMT+0800 (台北標準時間),424.0300,NEXT_IN_QUEUE
8e7fd0e2-0548-4681-9df9-2a8529da5ffa,FEPD.L,FEPD.L,LSE,Tue Oct 06 2026 22:36:53 GMT+0800 (台北標準時間),2253.5000,NEXT_IN_QUEUE
8e80faeb-2799-45fe-9be3-b61ef2f15d39,MNVR,MNVR,Cboe US,Tue Oct 06 2026 22:37:55 GMT+0800 (台北標準時間),33.5700,NEXT_IN_QUEUE
8e89b095-2ccf-4cd9-adf1-0c1a3efe039f,AM74.VI,AM74.VI,Vienna,Tue Oct 06 2026 22:38:16 GMT+0800 (台北標準時間),24.5850,NEXT_IN_QUEUE
8e8c6eea-e70a-40b3-a084-96a66c70b27c,HEDG.L,HEDG.L,LSE,Tue Oct 06 2026 22:38:22 GMT+0800 (台北標準時間),2671.7500,NEXT_IN_QUEUE
8e8cb104-2d7d-4b26-92f7-a77273300a6c,IDEML.XC,IDEML.XC,Cboe UK,Tue Oct 06 2026 22:40:01 GMT+0800 (台北標準時間),67.9600,NEXT_IN_QUEUE
8e91b4e4-39d7-429b-a755-fbc8fb18b18a,IGGY,IGGY,NYSEArca,Tue Oct 06 2026 22:40:07 GMT+0800 (台北標準時間),28.5840,NEXT_IN_QUEUE
8e938233-2a05-4359-993f-5b67ea06d820,VESD.AS,VESD.AS,Amsterdam,Tue Oct 06 2026 22:41:11 GMT+0800 (台北標準時間),5.0960,NEXT_IN_QUEUE
8e967a4c-fd48-4f86-b842-e9a9a305e81c,^PABU,^PABU,Nasdaq GIDS,Tue Oct 06 2026 22:42:11 GMT+0800 (台北標準時間),80.6258,NEXT_IN_QUEUE
8ea3e5df-b4d0-48e6-b1b7-0d3bd02719ce,SEUC.L,SEUC.L,LSE,Tue Oct 06 2026 22:42:17 GMT+0800 (台北標準時間),29.6250,NEXT_IN_QUEUE
8ea6e1f3-84da-4b02-8e6d-0d12d2da3268,3SMG.L,3SMG.L,LSE,Tue Oct 06 2026 22:42:36 GMT+0800 (台北標準時間),212.8000,NEXT_IN_QUEUE
8eb729e7-967c-4fbc-bbfa-fafaceac7ebb,LYXD.DE,LYXD.DE,XETRA,Tue Oct 06 2026 22:43:01 GMT+0800 (台北標準時間),162.7050,NEXT_IN_QUEUE
8eb901ed-957e-4ad2-aa5e-19f90014763d,0JJC.L,0JJC.L,LSE,Tue Oct 06 2026 22:43:19 GMT+0800 (台北標準時間),86.2200,NEXT_IN_QUEUE
8ebd1f4b-5eeb-4d42-8535-27f9991c659b,NRJC.L,NRJC.L,LSE,Tue Oct 06 2026 22:43:25 GMT+0800 (台北標準時間),23.1800,NEXT_IN_QUEUE
8ec268b3-ab3a-4129-ab2d-5d9803092511,EDM6.DE,EDM6.DE,XETRA,Tue Oct 06 2026 22:43:31 GMT+0800 (台北標準時間),9.6120,NEXT_IN_QUEUE
8ed15be2-378b-4587-8729-9f2e035fb82f,SFNP.L,SFNP.L,LSE,Tue Oct 06 2026 22:45:11 GMT+0800 (台北標準時間),1106.7500,NEXT_IN_QUEUE
8ed81dea-e9bf-492c-b528-ef0ec120d605,FSEV,FSEV,NYSEArca,Tue Oct 06 2026 22:45:20 GMT+0800 (台北標準時間),25.9194,NEXT_IN_QUEUE
8ed834e1-4522-442a-9305-d47fdfae611b,00727B,00727B.TWO,TPEx,Thu Oct 08 2026 00:00:00 GMT+0800 (台北標準時間),39.0600,NEXT_IN_QUEUE
8ee0e2d6-8a2c-445c-85b9-341ef89ae00f,XZEU.MI,XZEU.MI,Milan,Tue Oct 06 2026 22:46:43 GMT+0800 (台北標準時間),36.5900,NEXT_IN_QUEUE
8ee4c4a6-b4b8-49b4-97c5-780fff68afb7,2852.T,2852.T,Tokyo,Tue Oct 06 2026 22:47:44 GMT+0800 (台北標準時間),163.6000,NEXT_IN_QUEUE
8eee5f4b-7615-4895-a9fa-1df0fb39f3da,FOTO,FOTO,Cboe US,Tue Oct 06 2026 22:48:44 GMT+0800 (台北標準時間),20.5700,NEXT_IN_QUEUE
8ef11941-967b-4ad2-8bfd-6d651fdb7079,JLOC.L,JLOC.L,LSE,Tue Oct 06 2026 22:50:26 GMT+0800 (台北標準時間),11.6380,NEXT_IN_QUEUE
8ef704c0-ffd1-45af-972b-d6cbc62ea402,IBFR,IBFR,NYSEArca,Tue Oct 06 2026 22:50:36 GMT+0800 (台北標準時間),50.2100,NEXT_IN_QUEUE
8ef7c256-6014-4443-9a93-ba8a20de0b21,SLYG,SLYG,NYSEArca,Tue Oct 06 2026 22:51:30 GMT+0800 (台北標準時間),109.3800,NEXT_IN_QUEUE
8ef7ea4c-7092-4f43-bf2d-39f973525f4a,ZSEP,ZSEP,Cboe US,Tue Oct 06 2026 22:52:32 GMT+0800 (台北標準時間),28.0500,NEXT_IN_QUEUE
8ef82fd7-7f0f-4207-b584-95460facd942,FEUZ.AS,FEUZ.AS,Amsterdam,Tue Oct 06 2026 22:52:57 GMT+0800 (台北標準時間),63.3700,NEXT_IN_QUEUE
8ef9076b-c69e-40f1-8a21-a20ba9d39e72,AVUQ,AVUQ,NasdaqGM,Tue Oct 06 2026 22:53:55 GMT+0800 (台北標準時間),69.3105,NEXT_IN_QUEUE
8efd3a80-1715-462a-ac61-beba865b101f,IBI-F65.TA,IBI-F65.TA,Tel Aviv,Tue Oct 06 2026 22:55:35 GMT+0800 (台北標準時間),23580.0000,NEXT_IN_QUEUE
8f13461c-f313-457b-94dd-585ad97d0a68,JEST.DE,JEST.DE,XETRA,Tue Oct 06 2026 22:55:41 GMT+0800 (台北標準時間),110.3750,NEXT_IN_QUEUE
8f1503af-9d71-467e-bff5-671605109437,TAFL,TAFL,NYSEArca,Tue Oct 06 2026 22:55:59 GMT+0800 (台北標準時間),23.1900,NEXT_IN_QUEUE
8f1571d3-3974-498c-9d9a-83cc3d44f6ff,AGED.AS,AGED.AS,Amsterdam,Tue Oct 06 2026 22:56:16 GMT+0800 (台北標準時間),9.1850,NEXT_IN_QUEUE
8f21d0ed-54f7-41b4-9db8-d91db79ce590,QUS.AX,QUS.AX,ASX,Tue Oct 06 2026 22:57:18 GMT+0800 (台北標準時間),55.4900,NEXT_IN_QUEUE
8f28a1c0-5683-4c09-ac8d-172ca439804c,CTA,CTA,NYSEArca,Tue Oct 06 2026 22:58:19 GMT+0800 (台北標準時間),28.9300,NEXT_IN_QUEUE
8f2fb8a1-89df-4aac-8015-d0466f69a7be,XPXJ.MI,XPXJ.MI,Milan,Tue Oct 06 2026 22:58:46 GMT+0800 (台北標準時間),83.0200,NEXT_IN_QUEUE
8f39ca22-72c7-432f-b4c6-9fa8fa6b5f24,ESIN.L,ESIN.L,LSE,Tue Oct 06 2026 23:00:27 GMT+0800 (台北標準時間),8.0235,NEXT_IN_QUEUE
8f472778-644e-4361-ad71-80683fda83f4,00959B,00959B.TWO,TPEx,Thu Oct 08 2026 00:00:00 GMT+0800 (台北標準時間),8.6300,NEXT_IN_QUEUE
8f4c90ce-2d3e-4a33-aaed-b95d41f1b566,FPAS,FPAS,Cboe US,Tue Oct 06 2026 23:01:38 GMT+0800 (台北標準時間),23.8450,NEXT_IN_QUEUE
8f4dce4c-0693-4281-acdc-7801daab9ec5,IUHC.BD,IUHC.BD,Budapest,Tue Oct 06 2026 23:01:47 GMT+0800 (台北標準時間),4490.0000,NEXT_IN_QUEUE
8f57685b-5fbc-4666-b569-418b4674e3b2,TOGA,TOGA,NYSEArca,Tue Oct 06 2026 23:01:53 GMT+0800 (台北標準時間),29.8511,NEXT_IN_QUEUE
8f5a486b-fe80-4ebb-819b-f1c82e5aa6d2,DB31.VI,DB31.VI,Vienna,Tue Oct 06 2026 23:02:54 GMT+0800 (台北標準時間),141.3400,NEXT_IN_QUEUE
8f5a5260-ecd2-4c70-84e6-7573889edb1e,0193T0.KS,0193T0.KS,KSE,Tue Oct 06 2026 23:03:00 GMT+0800 (台北標準時間),10700.0000,NEXT_IN_QUEUE
8f5b9cd0-82bf-4b10-983d-a072f710636b,ISWD.AQ,ISWD.AQ,Aquis AQSE,Tue Oct 06 2026 23:03:07 GMT+0800 (台北標準時間),5395.4800,NEXT_IN_QUEUE
